id,ad,tur,irk,cinsiyet,dogumTarihi,dogumKilo,anneId,babaId,kayitTarihi,aktifMi,notlar
TR0001,Şar001,Boğa,Şarole,Dişi,2022-09-20,46.2,,,2022-09-20,True,"Şarole ırkı, dişi hayvan"
TR0002,Esm002,Dana,Esmer,Dişi,2024-07-31,39.5,,TR0027,2024-07-31,True,"Esmer ırkı, dişi hayvan"
TR0003,Siy003,Dana,Siyah Alaca,Dişi,2024-02-06,40.2,TR0012,,2024-02-06,True,"Siyah Alaca ırkı, dişi hayvan"
TR0004,Siy004,İnek,Siyah Alaca,Dişi,2024-05-08,43.8,,TR0039,2024-05-08,True,"Siyah Alaca ırkı, dişi hayvan"
TR0005,Sim005,Tosun,Simental,Erkek,2022-09-03,49.7,TR0064,TR0037,2022-09-03,True,"Simental ırkı, erkek hayvan"
TR0006,Esm006,Dana,Esmer,Erkek,2024-11-01,36.3,,TR0008,2024-11-01,True,"Esmer ırkı, erkek hayvan"
TR0007,Yer007,Tosun,Yerli Kara,Dişi,2024-02-23,32.3,TR0042,TR0025,2024-02-23,True,"Yerli Kara ırkı, dişi hayvan"
TR0008,Şar008,İnek,Şarole,Erkek,2024-11-30,51.1,TR0002,TR0029,2024-11-30,True,"Şarole ırkı, erkek hayvan"
TR0009,Siy009,İnek,Siyah Alaca,Dişi,2022-11-05,38.4,TR0014,,2022-11-05,True,"Siyah Alaca ırkı, dişi hayvan"
TR0010,Yer010,İnek,Yerli Kara,Erkek,2025-01-29,34.1,,TR0009,2025-01-29,True,"Yerli Kara ırkı, erkek hayvan"
TR0011,Şar011,Tosun,Şarole,Erkek,2023-11-26,42.8,TR0049,TR0023,2023-11-26,True,"Şarole ırkı, erkek hayvan"
TR0012,Siy012,Boğa,Siyah Alaca,Erkek,2023-03-04,47.7,TR0032,TR0015,2023-03-04,True,"Siyah Alaca ırkı, erkek hayvan"
TR0013,Siy013,İnek,Siyah Alaca,Dişi,2023-02-06,41.2,TR0002,,2023-02-06,True,"Siyah Alaca ırkı, dişi hayvan"
TR0014,Esm014,Boğa,Esmer,Dişi,2024-12-18,39.0,,TR0003,2024-12-18,True,"Esmer ırkı, dişi hayvan"
TR0015,Yer015,Tosun,Yerli Kara,Erkek,2023-12-01,40.3,,,2023-12-01,True,"Yerli Kara ırkı, erkek hayvan"
TR0016,Sim016,Boğa,Simental,Erkek,2023-04-23,42.0,TR0064,TR0042,2023-04-23,True,"Simental ırkı, erkek hayvan"
TR0017,Sim017,Boğa,Simental,Erkek,2025-04-01,45.6,TR0033,TR0002,2025-04-01,True,"Simental ırkı, erkek hayvan"
TR0018,Yer018,Tosun,Yerli Kara,Dişi,2023-10-15,35.9,TR0049,,2023-10-15,True,"Yerli Kara ırkı, dişi hayvan"
TR0019,Esm019,Boğa,Esmer,Dişi,2022-10-21,40.8,TR0094,,2022-10-21,True,"Esmer ırkı, dişi hayvan"
TR0020,Sim020,Boğa,Simental,Dişi,2024-03-15,49.4,,,2024-03-15,True,"Simental ırkı, dişi hayvan"
TR0021,Siy021,Tosun,Siyah Alaca,Erkek,2023-12-17,45.8,,TR0050,2023-12-17,True,"Siyah Alaca ırkı, erkek hayvan"
TR0022,Yer022,Dana,Yerli Kara,Erkek,2025-03-16,35.3,TR0014,,2025-03-16,True,"Yerli Kara ırkı, erkek hayvan"
TR0023,Esm023,Boğa,Esmer,Erkek,2024-03-12,43.5,,,2024-03-12,True,"Esmer ırkı, erkek hayvan"
TR0024,Siy024,Dana,Siyah Alaca,Erkek,2023-11-30,43.8,TR0055,TR0048,2023-11-30,True,"Siyah Alaca ırkı, erkek hayvan"
TR0025,Esm025,İnek,Esmer,Dişi,2024-03-30,38.5,,,2024-03-30,True,"Esmer ırkı, dişi hayvan"
TR0026,Sim026,Dana,Simental,Erkek,2023-02-22,43.5,,,2023-02-22,True,"Simental ırkı, erkek hayvan"
TR0027,Yer027,İnek,Yerli Kara,Dişi,2024-09-14,32.8,TR0080,TR0043,2024-09-14,True,"Yerli Kara ırkı, dişi hayvan"
TR0028,Yer028,İnek,Yerli Kara,Erkek,2024-01-13,33.8,TR0053,TR0045,2024-01-13,True,"Yerli Kara ırkı, erkek hayvan"
TR0029,Şar029,Tosun,Şarole,Erkek,2024-09-07,47.9,TR0079,TR0033,2024-09-07,True,"Şarole ırkı, erkek hayvan"
TR0030,Siy030,Tosun,Siyah Alaca,Dişi,2023-06-26,40.3,,,2023-06-26,True,"Siyah Alaca ırkı, dişi hayvan"
TR0031,Yer031,Dana,Yerli Kara,Erkek,2024-11-18,31.4,TR0012,,2024-11-18,True,"Yerli Kara ırkı, erkek hayvan"
TR0032,Şar032,Boğa,Şarole,Dişi,2023-06-03,45.0,TR0017,TR0022,2023-06-03,True,"Şarole ırkı, dişi hayvan"
TR0033,Esm033,İnek,Esmer,Erkek,2023-08-26,35.9,TR0061,TR0005,2023-08-26,True,"Esmer ırkı, erkek hayvan"
TR0034,Sim034,Tosun,Simental,Erkek,2022-08-16,46.6,TR0014,TR0019,2022-08-16,True,"Simental ırkı, erkek hayvan"
TR0035,Yer035,Boğa,Yerli Kara,Dişi,2023-01-15,31.8,TR0068,TR0048,2023-01-15,True,"Yerli Kara ırkı, dişi hayvan"
TR0036,Siy036,Boğa,Siyah Alaca,Erkek,2023-10-27,46.5,TR0045,TR0014,2023-10-27,True,"Siyah Alaca ırkı, erkek hayvan"
TR0037,Siy037,Tosun,Siyah Alaca,Erkek,2022-11-30,43.0,TR0065,TR0023,2022-11-30,True,"Siyah Alaca ırkı, erkek hayvan"
TR0038,Şar038,Boğa,Şarole,Erkek,2022-12-27,51.0,TR0027,,2022-12-27,True,"Şarole ırkı, erkek hayvan"
TR0039,Siy039,Tosun,Siyah Alaca,Erkek,2023-10-17,39.4,,,2023-10-17,True,"Siyah Alaca ırkı, erkek hayvan"
TR0040,Siy040,Tosun,Siyah Alaca,Erkek,2023-09-07,48.6,TR0064,,2023-09-07,True,"Siyah Alaca ırkı, erkek hayvan"
TR0041,Esm041,Boğa,Esmer,Erkek,2022-12-17,35.2,TR0098,TR0048,2022-12-17,True,"Esmer ırkı, erkek hayvan"
TR0042,Siy042,İnek,Siyah Alaca,Erkek,2024-11-23,39.9,TR0004,TR0047,2024-11-23,True,"Siyah Alaca ırkı, erkek hayvan"
TR0043,Siy043,İnek,Siyah Alaca,Erkek,2023-10-15,39.4,TR0018,TR0021,2023-10-15,True,"Siyah Alaca ırkı, erkek hayvan"
TR0044,Sim044,Boğa,Simental,Dişi,2024-08-24,47.0,TR0031,,2024-08-24,True,"Simental ırkı, dişi hayvan"
TR0045,Siy045,Dana,Siyah Alaca,Erkek,2024-02-25,39.0,TR0040,,2024-02-25,True,"Siyah Alaca ırkı, erkek hayvan"
TR0046,Siy046,Dana,Siyah Alaca,Erkek,2024-09-09,43.3,,,2024-09-09,True,"Siyah Alaca ırkı, erkek hayvan"
TR0047,Yer047,Boğa,Yerli Kara,Dişi,2023-03-01,28.6,,,2023-03-01,True,"Yerli Kara ırkı, dişi hayvan"
TR0048,Şar048,İnek,Şarole,Erkek,2023-09-23,48.0,TR0042,TR0048,2023-09-23,True,"Şarole ırkı, erkek hayvan"
TR0049,Şar049,Dana,Şarole,Erkek,2024-01-19,46.7,TR0061,,2024-01-19,True,"Şarole ırkı, erkek hayvan"
TR0050,Siy050,Dana,Siyah Alaca,Dişi,2023-12-03,40.2,TR0063,TR0047,2023-12-03,True,"Siyah Alaca ırkı, dişi hayvan"
TR0051,Şar051,Dana,Şarole,Erkek,2025-03-25,50.3,,TR0030,2025-03-25,True,"Şarole ırkı, erkek hayvan"
TR0052,Yer052,Dana,Yerli Kara,Erkek,2023-11-22,34.5,TR0033,TR0001,2023-11-22,True,"Yerli Kara ırkı, erkek hayvan"
TR0053,Yer053,İnek,Yerli Kara,Dişi,2024-05-15,33.8,TR0082,TR0008,2024-05-15,True,"Yerli Kara ırkı, dişi hayvan"
TR0054,Sim054,İnek,Simental,Erkek,2023-04-04,44.4,,TR0012,2023-04-04,True,"Simental ırkı, erkek hayvan"
TR0055,Yer055,Dana,Yerli Kara,Erkek,2024-02-14,35.0,TR0032,,2024-02-14,True,"Yerli Kara ırkı, erkek hayvan"
TR0056,Esm056,Boğa,Esmer,Dişi,2023-12-25,37.4,,TR0038,2023-12-25,True,"Esmer ırkı, dişi hayvan"
TR0057,Şar057,Dana,Şarole,Erkek,2022-12-09,49.3,TR0074,,2022-12-09,True,"Şarole ırkı, erkek hayvan"
TR0058,Esm058,Dana,Esmer,Erkek,2022-07-06,35.9,TR0044,TR0029,2022-07-06,True,"Esmer ırkı, erkek hayvan"
TR0059,Şar059,İnek,Şarole,Erkek,2023-09-29,41.7,TR0091,,2023-09-29,True,"Şarole ırkı, erkek hayvan"
TR0060,Esm060,Tosun,Esmer,Dişi,2024-01-27,35.7,TR0092,TR0025,2024-01-27,True,"Esmer ırkı, dişi hayvan"
TR0061,Şar061,Tosun,Şarole,Dişi,2023-08-01,45.4,TR0054,TR0013,2023-08-01,True,"Şarole ırkı, dişi hayvan"
TR0062,Yer062,Tosun,Yerli Kara,Erkek,2024-12-02,38.7,TR0070,,2024-12-02,True,"Yerli Kara ırkı, erkek hayvan"
TR0063,Şar063,Dana,Şarole,Dişi,2023-04-26,47.7,TR0007,,2023-04-26,True,"Şarole ırkı, dişi hayvan"
TR0064,Sim064,Tosun,Simental,Erkek,2025-02-28,42.7,,TR0007,2025-02-28,True,"Simental ırkı, erkek hayvan"
TR0065,Yer065,İnek,Yerli Kara,Erkek,2023-08-30,39.5,,,2023-08-30,True,"Yerli Kara ırkı, erkek hayvan"
TR0066,Sim066,Dana,Simental,Dişi,2022-09-17,37.9,TR0039,TR0049,2022-09-17,True,"Simental ırkı, dişi hayvan"
TR0067,Esm067,İnek,Esmer,Erkek,2025-05-08,39.2,TR0041,TR0047,2025-05-08,True,"Esmer ırkı, erkek hayvan"
TR0068,Siy068,Tosun,Siyah Alaca,Dişi,2025-02-16,40.4,TR0069,TR0047,2025-02-16,True,"Siyah Alaca ırkı, dişi hayvan"
TR0069,Siy069,Boğa,Siyah Alaca,Erkek,2023-11-27,37.1,,TR0008,2023-11-27,True,"Siyah Alaca ırkı, erkek hayvan"
TR0070,Esm070,Dana,Esmer,Erkek,2024-09-05,37.2,TR0018,TR0042,2024-09-05,True,"Esmer ırkı, erkek hayvan"
TR0071,Şar071,Dana,Şarole,Dişi,2023-03-23,45.1,TR0092,,2023-03-23,True,"Şarole ırkı, dişi hayvan"
TR0072,Şar072,Tosun,Şarole,Dişi,2025-02-19,46.9,TR0054,TR0001,2025-02-19,True,"Şarole ırkı, dişi hayvan"
TR0073,Şar073,Tosun,Şarole,Dişi,2022-06-20,48.3,,TR0050,2022-06-20,True,"Şarole ırkı, dişi hayvan"
TR0074,Şar074,Tosun,Şarole,Dişi,2023-11-20,47.0,TR0097,TR0023,2023-11-20,True,"Şarole ırkı, dişi hayvan"
TR0075,Esm075,İnek,Esmer,Dişi,2024-06-08,38.2,,,2024-06-08,True,"Esmer ırkı, dişi hayvan"
TR0076,Sim076,Boğa,Simental,Erkek,2024-09-17,42.1,,,2024-09-17,True,"Simental ırkı, erkek hayvan"
TR0077,Siy077,İnek,Siyah Alaca,Erkek,2022-12-29,43.8,TR0049,,2022-12-29,True,"Siyah Alaca ırkı, erkek hayvan"
TR0078,Sim078,Tosun,Simental,Erkek,2023-04-27,46.7,TR0044,,2023-04-27,True,"Simental ırkı, erkek hayvan"
TR0079,Sim079,Dana,Simental,Dişi,2022-11-01,49.2,TR0092,TR0045,2022-11-01,True,"Simental ırkı, dişi hayvan"
TR0080,Yer080,Dana,Yerli Kara,Erkek,2023-01-17,34.0,TR0055,TR0020,2023-01-17,True,"Yerli Kara ırkı, erkek hayvan"
TR0081,Esm081,Tosun,Esmer,Erkek,2024-06-03,41.5,TR0038,TR0015,2024-06-03,True,"Esmer ırkı, erkek hayvan"
TR0082,Şar082,Boğa,Şarole,Erkek,2023-06-07,46.2,,,2023-06-07,True,"Şarole ırkı, erkek hayvan"
TR0083,Siy083,Boğa,Siyah Alaca,Dişi,2022-12-28,37.9,TR0056,,2022-12-28,True,"Siyah Alaca ırkı, dişi hayvan"
TR0084,Şar084,Tosun,Şarole,Dişi,2022-10-16,48.8,TR0085,,2022-10-16,True,"Şarole ırkı, dişi hayvan"
TR0085,Sim085,Dana,Simental,Erkek,2022-11-06,47.5,TR0041,TR0043,2022-11-06,True,"Simental ırkı, erkek hayvan"
TR0086,Esm086,İnek,Esmer,Erkek,2022-07-16,32.8,TR0050,TR0038,2022-07-16,True,"Esmer ırkı, erkek hayvan"
TR0087,Sim087,Tosun,Simental,Erkek,2023-03-17,39.7,,TR0047,2023-03-17,True,"Simental ırkı, erkek hayvan"
TR0088,Esm088,Boğa,Esmer,Dişi,2023-06-16,36.3,TR0079,TR0042,2023-06-16,True,"Esmer ırkı, dişi hayvan"
TR0089,Şar089,İnek,Şarole,Dişi,2023-08-29,42.6,TR0001,TR0007,2023-08-29,True,"Şarole ırkı, dişi hayvan"
TR0090,Siy090,Tosun,Siyah Alaca,Dişi,2025-04-30,44.8,,TR0022,2025-04-30,True,"Siyah Alaca ırkı, dişi hayvan"
TR0091,Sim091,Tosun,Simental,Dişi,2022-12-22,49.1,TR0016,TR0040,2022-12-22,True,"Simental ırkı, dişi hayvan"
TR0092,Yer092,Boğa,Yerli Kara,Erkek,2024-08-20,35.4,TR0045,,2024-08-20,True,"Yerli Kara ırkı, erkek hayvan"
TR0093,Sim093,Tosun,Simental,Erkek,2024-04-04,40.9,TR0070,TR0008,2024-04-04,True,"Simental ırkı, erkek hayvan"
TR0094,Yer094,Boğa,Yerli Kara,Dişi,2022-06-09,36.1,TR0020,TR0049,2022-06-09,True,"Yerli Kara ırkı, dişi hayvan"
TR0095,Sim095,Boğa,Simental,Erkek,2022-08-07,50.9,TR0068,TR0050,2022-08-07,True,"Simental ırkı, erkek hayvan"
TR0096,Yer096,Boğa,Yerli Kara,Erkek,2022-06-10,31.8,TR0051,,2022-06-10,True,"Yerli Kara ırkı, erkek hayvan"
TR0097,Sim097,Boğa,Simental,Dişi,2023-07-08,46.0,,,2023-07-08,True,"Simental ırkı, dişi hayvan"
TR0098,Siy098,Boğa,Siyah Alaca,Dişi,2024-10-23,42.5,TR0060,,2024-10-23,True,"Siyah Alaca ırkı, dişi hayvan"
TR0099,Yer099,Dana,Yerli Kara,Erkek,2022-06-20,40.1,TR0053,,2022-06-20,True,"Yerli Kara ırkı, erkek hayvan"
TR0100,Esm100,Tosun,Esmer,Dişi,2024-04-22,37.3,TR0002,,2024-04-22,True,"Esmer ırkı, dişi hayvan"
TR0101,Sim101,Boğa,Simental,Erkek,2022-09-06,43.7,TR0045,,2022-09-06,True,"Simental ırkı, erkek hayvan"
TR0102,Siy102,İnek,Siyah Alaca,Dişi,2022-12-20,44.8,TR0086,TR0026,2022-12-20,True,"Siyah Alaca ırkı, dişi hayvan"
TR0103,Sim103,İnek,Simental,Dişi,2025-02-12,45.1,TR0099,,2025-02-12,True,"Simental ırkı, dişi hayvan"
TR0104,Esm104,Dana,Esmer,Dişi,2025-04-26,37.8,TR0092,,2025-04-26,True,"Esmer ırkı, dişi hayvan"
TR0105,Siy105,Dana,Siyah Alaca,Dişi,2024-12-20,40.2,TR0092,TR0045,2024-12-20,True,"Siyah Alaca ırkı, dişi hayvan"
TR0106,Esm106,Dana,Esmer,Erkek,2023-02-10,35.9,TR0043,TR0031,2023-02-10,True,"Esmer ırkı, erkek hayvan"
TR0107,Yer107,Tosun,Yerli Kara,Dişi,2022-09-24,31.2,TR0010,TR0011,2022-09-24,True,"Yerli Kara ırkı, dişi hayvan"
TR0108,Sim108,İnek,Simental,Dişi,2024-10-16,44.3,TR0054,TR0020,2024-10-16,True,"Simental ırkı, dişi hayvan"
TR0109,Esm109,Dana,Esmer,Dişi,2024-07-21,35.9,TR0037,TR0022,2024-07-21,True,"Esmer ırkı, dişi hayvan"
TR0110,Esm110,Tosun,Esmer,Erkek,2025-03-29,36.6,,TR0001,2025-03-29,True,"Esmer ırkı, erkek hayvan"
TR0111,Sim111,İnek,Simental,Erkek,2024-07-12,46.5,,TR0020,2024-07-12,True,"Simental ırkı, erkek hayvan"
TR0112,Yer112,Boğa,Yerli Kara,Erkek,2023-12-10,29.3,,,2023-12-10,True,"Yerli Kara ırkı, erkek hayvan"
TR0113,Sim113,Tosun,Simental,Dişi,2023-10-30,41.4,,,2023-10-30,True,"Simental ırkı, dişi hayvan"
TR0114,Esm114,Dana,Esmer,Dişi,2025-03-08,34.3,,,2025-03-08,True,"Esmer ırkı, dişi hayvan"
TR0115,Siy115,Dana,Siyah Alaca,Dişi,2023-11-28,42.4,,,2023-11-28,True,"Siyah Alaca ırkı, dişi hayvan"
TR0116,Yer116,Dana,Yerli Kara,Dişi,2024-02-25,29.8,,TR0012,2024-02-25,True,"Yerli Kara ırkı, dişi hayvan"
TR0117,Yer117,Tosun,Yerli Kara,Dişi,2023-07-03,40.2,TR0044,TR0011,2023-07-03,True,"Yerli Kara ırkı, dişi hayvan"
TR0118,Yer118,Tosun,Yerli Kara,Erkek,2025-03-19,33.9,TR0028,TR0028,2025-03-19,True,"Yerli Kara ırkı, erkek hayvan"
TR0119,Şar119,Dana,Şarole,Dişi,2023-09-23,43.3,TR0016,TR0023,2023-09-23,True,"Şarole ırkı, dişi hayvan"
TR0120,Şar120,Dana,Şarole,Erkek,2024-09-04,45.6,TR0009,,2024-09-04,True,"Şarole ırkı, erkek hayvan"
TR0121,Yer121,İnek,Yerli Kara,Dişi,2023-10-05,38.4,TR0052,TR0033,2023-10-05,True,"Yerli Kara ırkı, dişi hayvan"
TR0122,Sim122,İnek,Simental,Dişi,2023-03-30,46.9,TR0011,TR0047,2023-03-30,True,"Simental ırkı, dişi hayvan"
TR0123,Şar123,Boğa,Şarole,Dişi,2024-03-16,51.9,,TR0013,2024-03-16,True,"Şarole ırkı, dişi hayvan"
TR0124,Sim124,Tosun,Simental,Dişi,2023-01-31,44.3,,,2023-01-31,True,"Simental ırkı, dişi hayvan"
TR0125,Şar125,Boğa,Şarole,Dişi,2024-02-21,52.7,,,2024-02-21,True,"Şarole ırkı, dişi hayvan"
TR0126,Sim126,Boğa,Simental,Erkek,2023-12-20,51.7,TR0049,TR0007,2023-12-20,True,"Simental ırkı, erkek hayvan"
TR0127,Esm127,Dana,Esmer,Dişi,2024-04-04,31.4,TR0032,,2024-04-04,True,"Esmer ırkı, dişi hayvan"
TR0128,Şar128,Dana,Şarole,Erkek,2022-10-02,48.3,TR0052,TR0029,2022-10-02,True,"Şarole ırkı, erkek hayvan"
TR0129,Siy129,Tosun,Siyah Alaca,Erkek,2023-06-01,45.0,TR0046,,2023-06-01,True,"Siyah Alaca ırkı, erkek hayvan"
TR0130,Yer130,Dana,Yerli Kara,Dişi,2022-12-24,31.8,TR0078,,2022-12-24,True,"Yerli Kara ırkı, dişi hayvan"
TR0131,Sim131,Dana,Simental,Erkek,2023-09-11,41.7,,TR0021,2023-09-11,True,"Simental ırkı, erkek hayvan"
TR0132,Sim132,Dana,Simental,Erkek,2022-07-01,43.2,,,2022-07-01,True,"Simental ırkı, erkek hayvan"
TR0133,Siy133,Boğa,Siyah Alaca,Dişi,2024-10-16,40.0,TR0014,TR0030,2024-10-16,True,"Siyah Alaca ırkı, dişi hayvan"
TR0134,Yer134,İnek,Yerli Kara,Erkek,2025-02-20,39.2,,TR0040,2025-02-20,True,"Yerli Kara ırkı, erkek hayvan"
TR0135,Sim135,Dana,Simental,Dişi,2022-09-30,46.2,TR0002,,2022-09-30,True,"Simental ırkı, dişi hayvan"
TR0136,Şar136,Boğa,Şarole,Dişi,2022-07-21,48.7,,TR0020,2022-07-21,True,"Şarole ırkı, dişi hayvan"
TR0137,Siy137,Tosun,Siyah Alaca,Dişi,2024-02-06,40.2,TR0052,TR0016,2024-02-06,True,"Siyah Alaca ırkı, dişi hayvan"
TR0138,Sim138,Tosun,Simental,Dişi,2025-01-30,45.7,,,2025-01-30,True,"Simental ırkı, dişi hayvan"
TR0139,Siy139,İnek,Siyah Alaca,Dişi,2023-11-15,45.6,TR0089,,2023-11-15,True,"Siyah Alaca ırkı, dişi hayvan"
TR0140,Siy140,Dana,Siyah Alaca,Dişi,2025-05-07,38.6,TR0001,TR0029,2025-05-07,True,"Siyah Alaca ırkı, dişi hayvan"
TR0141,Esm141,İnek,Esmer,Dişi,2022-06-11,32.0,TR0048,,2022-06-11,True,"Esmer ırkı, dişi hayvan"
TR0142,Siy142,İnek,Siyah Alaca,Erkek,2023-03-13,42.2,,TR0018,2023-03-13,True,"Siyah Alaca ırkı, erkek hayvan"
TR0143,Siy143,Tosun,Siyah Alaca,Dişi,2023-07-10,40.7,TR0073,,2023-07-10,True,"Siyah Alaca ırkı, dişi hayvan"
TR0144,Sim144,Dana,Simental,Dişi,2024-06-01,44.8,TR0083,,2024-06-01,True,"Simental ırkı, dişi hayvan"
TR0145,Sim145,Dana,Simental,Dişi,2025-02-07,46.0,TR0044,,2025-02-07,True,"Simental ırkı, dişi hayvan"
TR0146,Esm146,İnek,Esmer,Erkek,2024-12-04,36.9,,TR0007,2024-12-04,True,"Esmer ırkı, erkek hayvan"
TR0147,Şar147,Tosun,Şarole,Erkek,2022-08-25,47.8,TR0027,,2022-08-25,True,"Şarole ırkı, erkek hayvan"
TR0148,Esm148,Tosun,Esmer,Erkek,2023-01-27,37.2,TR0060,TR0041,2023-01-27,True,"Esmer ırkı, erkek hayvan"
TR0149,Sim149,İnek,Simental,Dişi,2025-02-03,46.3,TR0100,,2025-02-03,True,"Simental ırkı, dişi hayvan"
TR0150,Yer150,Tosun,Yerli Kara,Dişi,2022-08-23,33.6,TR0038,TR0027,2022-08-23,True,"Yerli Kara ırkı, dişi hayvan"
TR0151,Yer151,Boğa,Yerli Kara,Dişi,2024-09-15,37.6,,,2024-09-15,True,"Yerli Kara ırkı, dişi hayvan"
TR0152,Yer152,İnek,Yerli Kara,Erkek,2024-09-24,40.2,TR0006,,2024-09-24,True,"Yerli Kara ırkı, erkek hayvan"
TR0153,Esm153,İnek,Esmer,Erkek,2024-05-18,37.6,TR0094,,2024-05-18,True,"Esmer ırkı, erkek hayvan"
TR0154,Yer154,İnek,Yerli Kara,Dişi,2024-05-22,36.3,,TR0032,2024-05-22,True,"Yerli Kara ırkı, dişi hayvan"
TR0155,Şar155,Dana,Şarole,Dişi,2023-06-08,49.4,,,2023-06-08,True,"Şarole ırkı, dişi hayvan"
TR0156,Sim156,Dana,Simental,Erkek,2025-04-02,47.6,,,2025-04-02,True,"Simental ırkı, erkek hayvan"
TR0157,Siy157,Dana,Siyah Alaca,Erkek,2023-04-24,40.4,,,2023-04-24,True,"Siyah Alaca ırkı, erkek hayvan"
TR0158,Sim158,Boğa,Simental,Dişi,2025-04-30,46.1,TR0058,,2025-04-30,True,"Simental ırkı, dişi hayvan"
TR0159,Şar159,Tosun,Şarole,Dişi,2024-10-18,49.7,TR0041,,2024-10-18,True,"Şarole ırkı, dişi hayvan"
TR0160,Şar160,Tosun,Şarole,Dişi,2022-12-14,46.9,,,2022-12-14,True,"Şarole ırkı, dişi hayvan"
TR0161,Siy161,İnek,Siyah Alaca,Erkek,2024-05-10,38.7,,TR0030,2024-05-10,True,"Siyah Alaca ırkı, erkek hayvan"
TR0162,Siy162,İnek,Siyah Alaca,Erkek,2024-12-02,44.2,,TR0004,2024-12-02,True,"Siyah Alaca ırkı, erkek hayvan"
TR0163,Yer163,İnek,Yerli Kara,Erkek,2025-03-10,32.6,TR0057,,2025-03-10,True,"Yerli Kara ırkı, erkek hayvan"
TR0164,Sim164,Boğa,Simental,Erkek,2025-02-06,44.2,TR0022,TR0025,2025-02-06,True,"Simental ırkı, erkek hayvan"
TR0165,Sim165,İnek,Simental,Erkek,2024-08-14,46.2,TR0012,,2024-08-14,True,"Simental ırkı, erkek hayvan"
TR0166,Esm166,İnek,Esmer,Erkek,2025-02-19,43.2,TR0050,TR0020,2025-02-19,True,"Esmer ırkı, erkek hayvan"
TR0167,Esm167,İnek,Esmer,Dişi,2024-11-15,34.8,TR0056,,2024-11-15,True,"Esmer ırkı, dişi hayvan"
TR0168,Siy168,İnek,Siyah Alaca,Dişi,2023-11-08,39.6,TR0033,TR0010,2023-11-08,True,"Siyah Alaca ırkı, dişi hayvan"
TR0169,Şar169,İnek,Şarole,Dişi,2023-11-10,47.1,,,2023-11-10,True,"Şarole ırkı, dişi hayvan"
TR0170,Şar170,Boğa,Şarole,Erkek,2025-03-22,48.0,TR0022,TR0028,2025-03-22,True,"Şarole ırkı, erkek hayvan"
TR0171,Esm171,İnek,Esmer,Erkek,2024-08-08,39.7,,,2024-08-08,True,"Esmer ırkı, erkek hayvan"
TR0172,Siy172,İnek,Siyah Alaca,Dişi,2024-03-10,42.9,TR0032,TR0010,2024-03-10,True,"Siyah Alaca ırkı, dişi hayvan"
TR0173,Esm173,İnek,Esmer,Dişi,2024-10-21,37.8,TR0078,TR0048,2024-10-21,True,"Esmer ırkı, dişi hayvan"
TR0174,Şar174,Boğa,Şarole,Erkek,2024-08-10,42.9,,TR0040,2024-08-10,True,"Şarole ırkı, erkek hayvan"
TR0175,Siy175,Dana,Siyah Alaca,Dişi,2024-03-29,38.8,TR0076,TR0025,2024-03-29,True,"Siyah Alaca ırkı, dişi hayvan"
TR0176,Esm176,İnek,Esmer,Erkek,2025-01-19,40.3,TR0028,TR0009,2025-01-19,True,"Esmer ırkı, erkek hayvan"
TR0177,Siy177,İnek,Siyah Alaca,Dişi,2025-01-09,37.5,TR0086,,2025-01-09,True,"Siyah Alaca ırkı, dişi hayvan"
TR0178,Yer178,İnek,Yerli Kara,Dişi,2023-05-06,29.1,TR0073,TR0045,2023-05-06,True,"Yerli Kara ırkı, dişi hayvan"
TR0179,Siy179,Dana,Siyah Alaca,Dişi,2024-09-04,43.6,TR0020,,2024-09-04,True,"Siyah Alaca ırkı, dişi hayvan"
TR0180,Şar180,İnek,Şarole,Dişi,2024-06-22,52.7,TR0051,TR0017,2024-06-22,True,"Şarole ırkı, dişi hayvan"
TR0181,Yer181,Dana,Yerli Kara,Dişi,2023-03-18,32.5,TR0079,TR0035,2023-03-18,True,"Yerli Kara ırkı, dişi hayvan"
TR0182,Yer182,Dana,Yerli Kara,Erkek,2023-08-19,34.6,,,2023-08-19,True,"Yerli Kara ırkı, erkek hayvan"
TR0183,Yer183,Dana,Yerli Kara,Erkek,2022-12-03,31.5,TR0059,TR0038,2022-12-03,True,"Yerli Kara ırkı, erkek hayvan"
TR0184,Şar184,İnek,Şarole,Dişi,2024-08-27,52.4,TR0086,,2024-08-27,True,"Şarole ırkı, dişi hayvan"
TR0185,Şar185,Tosun,Şarole,Dişi,2024-09-11,49.3,TR0051,,2024-09-11,True,"Şarole ırkı, dişi hayvan"
TR0186,Sim186,Boğa,Simental,Dişi,2024-05-03,49.0,TR0084,,2024-05-03,True,"Simental ırkı, dişi hayvan"
TR0187,Esm187,Tosun,Esmer,Dişi,2024-12-09,38.5,,,2024-12-09,True,"Esmer ırkı, dişi hayvan"
TR0188,Sim188,Dana,Simental,Dişi,2024-01-04,45.8,TR0099,TR0026,2024-01-04,True,"Simental ırkı, dişi hayvan"
TR0189,Sim189,Boğa,Simental,Erkek,2023-12-26,49.5,TR0021,,2023-12-26,True,"Simental ırkı, erkek hayvan"
TR0190,Siy190,Tosun,Siyah Alaca,Erkek,2024-03-22,38.1,TR0093,TR0006,2024-03-22,True,"Siyah Alaca ırkı, erkek hayvan"
TR0191,Siy191,Tosun,Siyah Alaca,Dişi,2022-07-02,40.4,,TR0026,2022-07-02,True,"Siyah Alaca ırkı, dişi hayvan"
TR0192,Sim192,Tosun,Simental,Dişi,2023-10-30,43.7,,TR0046,2023-10-30,True,"Simental ırkı, dişi hayvan"
TR0193,Yer193,Tosun,Yerli Kara,Dişi,2025-03-31,37.2,TR0066,,2025-03-31,True,"Yerli Kara ırkı, dişi hayvan"
TR0194,Yer194,Dana,Yerli Kara,Dişi,2023-12-13,38.0,TR0056,,2023-12-13,True,"Yerli Kara ırkı, dişi hayvan"
TR0195,Siy195,Boğa,Siyah Alaca,Erkek,2023-01-09,43.5,TR0038,TR0032,2023-01-09,True,"Siyah Alaca ırkı, erkek hayvan"
TR0196,Yer196,Dana,Yerli Kara,Dişi,2022-09-28,28.7,TR0098,,2022-09-28,True,"Yerli Kara ırkı, dişi hayvan"
TR0197,Sim197,Tosun,Simental,Dişi,2024-03-12,47.7,TR0053,TR0024,2024-03-12,True,"Simental ırkı, dişi hayvan"
TR0198,Sim198,Tosun,Simental,Erkek,2023-06-27,46.0,TR0046,TR0015,2023-06-27,True,"Simental ırkı, erkek hayvan"
TR0199,Sim199,Tosun,Simental,Dişi,2023-11-19,44.7,,TR0029,2023-11-19,True,"Simental ırkı, dişi hayvan"
TR0200,Sim200,Tosun,Simental,Erkek,2023-10-16,42.6,,TR0033,2023-10-16,True,"Simental ırkı, erkek hayvan"
TR0201,Siy201,Dana,Siyah Alaca,Erkek,2023-11-17,42.3,TR0042,,2023-11-17,True,"Siyah Alaca ırkı, erkek hayvan"
TR0202,Şar202,Boğa,Şarole,Dişi,2023-03-01,52.8,TR0013,,2023-03-01,True,"Şarole ırkı, dişi hayvan"
TR0203,Esm203,Dana,Esmer,Erkek,2023-05-05,40.5,,TR0045,2023-05-05,True,"Esmer ırkı, erkek hayvan"
TR0204,Şar204,Boğa,Şarole,Erkek,2024-03-22,48.5,TR0094,TR0020,2024-03-22,True,"Şarole ırkı, erkek hayvan"
TR0205,Esm205,Dana,Esmer,Dişi,2023-01-09,36.6,TR0087,TR0001,2023-01-09,True,"Esmer ırkı, dişi hayvan"
TR0206,Yer206,Boğa,Yerli Kara,Erkek,2025-04-01,29.7,,TR0010,2025-04-01,True,"Yerli Kara ırkı, erkek hayvan"
TR0207,Esm207,Dana,Esmer,Dişi,2025-04-25,34.3,TR0033,TR0008,2025-04-25,True,"Esmer ırkı, dişi hayvan"
TR0208,Şar208,İnek,Şarole,Dişi,2022-07-16,47.1,TR0087,,2022-07-16,True,"Şarole ırkı, dişi hayvan"
TR0209,Yer209,Tosun,Yerli Kara,Erkek,2025-03-23,33.3,TR0099,TR0002,2025-03-23,True,"Yerli Kara ırkı, erkek hayvan"
TR0210,Esm210,Tosun,Esmer,Dişi,2023-08-29,34.6,TR0086,TR0010,2023-08-29,True,"Esmer ırkı, dişi hayvan"
TR0211,Şar211,İnek,Şarole,Erkek,2025-04-01,48.0,,,2025-04-01,True,"Şarole ırkı, erkek hayvan"
TR0212,Esm212,Dana,Esmer,Erkek,2024-10-26,37.9,TR0060,TR0050,2024-10-26,True,"Esmer ırkı, erkek hayvan"
TR0213,Yer213,Boğa,Yerli Kara,Dişi,2024-02-17,32.0,TR0061,,2024-02-17,True,"Yerli Kara ırkı, dişi hayvan"
TR0214,Şar214,İnek,Şarole,Dişi,2025-01-20,44.7,,,2025-01-20,True,"Şarole ırkı, dişi hayvan"
TR0215,Yer215,İnek,Yerli Kara,Erkek,2022-12-25,35.4,TR0068,TR0020,2022-12-25,True,"Yerli Kara ırkı, erkek hayvan"
TR0216,Yer216,Dana,Yerli Kara,Erkek,2024-11-01,34.8,,TR0024,2024-11-01,True,"Yerli Kara ırkı, erkek hayvan"
TR0217,Sim217,İnek,Simental,Erkek,2024-06-16,49.1,,,2024-06-16,True,"Simental ırkı, erkek hayvan"
TR0218,Siy218,Dana,Siyah Alaca,Erkek,2023-03-14,42.2,TR0066,TR0050,2023-03-14,True,"Siyah Alaca ırkı, erkek hayvan"
TR0219,Yer219,İnek,Yerli Kara,Erkek,2023-10-21,36.1,,,2023-10-21,True,"Yerli Kara ırkı, erkek hayvan"
TR0220,Siy220,Tosun,Siyah Alaca,Dişi,2025-02-26,36.5,,,2025-02-26,True,"Siyah Alaca ırkı, dişi hayvan"
TR0221,Şar221,Tosun,Şarole,Dişi,2024-01-26,45.1,TR0100,TR0046,2024-01-26,True,"Şarole ırkı, dişi hayvan"
TR0222,Esm222,Boğa,Esmer,Dişi,2023-07-05,36.9,,TR0013,2023-07-05,True,"Esmer ırkı, dişi hayvan"
TR0223,Esm223,Boğa,Esmer,Erkek,2022-08-20,41.8,TR0036,TR0014,2022-08-20,True,"Esmer ırkı, erkek hayvan"
TR0224,Siy224,İnek,Siyah Alaca,Dişi,2025-01-16,46.6,TR0076,TR0029,2025-01-16,True,"Siyah Alaca ırkı, dişi hayvan"
TR0225,Yer225,Boğa,Yerli Kara,Erkek,2024-11-24,28.3,TR0008,TR0007,2024-11-24,True,"Yerli Kara ırkı, erkek hayvan"
TR0226,Esm226,Dana,Esmer,Erkek,2024-08-04,39.3,TR0070,,2024-08-04,True,"Esmer ırkı, erkek hayvan"
TR0227,Siy227,İnek,Siyah Alaca,Dişi,2024-05-07,40.3,TR0066,,2024-05-07,True,"Siyah Alaca ırkı, dişi hayvan"
TR0228,Yer228,Dana,Yerli Kara,Dişi,2024-05-09,37.5,TR0024,TR0006,2024-05-09,True,"Yerli Kara ırkı, dişi hayvan"
TR0229,Yer229,Dana,Yerli Kara,Dişi,2024-09-15,34.0,TR0064,,2024-09-15,True,"Yerli Kara ırkı, dişi hayvan"
TR0230,Sim230,Boğa,Simental,Erkek,2024-04-02,46.0,,TR0022,2024-04-02,True,"Simental ırkı, erkek hayvan"
TR0231,Şar231,Dana,Şarole,Erkek,2025-04-26,52.2,,TR0007,2025-04-26,True,"Şarole ırkı, erkek hayvan"
TR0232,Yer232,Dana,Yerli Kara,Erkek,2023-03-03,31.3,TR0008,,2023-03-03,True,"Yerli Kara ırkı, erkek hayvan"
TR0233,Şar233,Tosun,Şarole,Erkek,2024-04-02,55.8,,,2024-04-02,True,"Şarole ırkı, erkek hayvan"
TR0234,Esm234,Boğa,Esmer,Erkek,2024-10-23,41.9,,TR0036,2024-10-23,True,"Esmer ırkı, erkek hayvan"
TR0235,Siy235,İnek,Siyah Alaca,Dişi,2023-04-14,41.8,TR0040,TR0009,2023-04-14,True,"Siyah Alaca ırkı, dişi hayvan"
TR0236,Esm236,Boğa,Esmer,Dişi,2022-06-12,38.6,TR0006,TR0037,2022-06-12,True,"Esmer ırkı, dişi hayvan"
TR0237,Yer237,Boğa,Yerli Kara,Erkek,2022-07-10,39.7,TR0077,TR0044,2022-07-10,True,"Yerli Kara ırkı, erkek hayvan"
TR0238,Sim238,Boğa,Simental,Dişi,2022-09-06,44.2,TR0012,,2022-09-06,True,"Simental ırkı, dişi hayvan"
TR0239,Sim239,İnek,Simental,Erkek,2025-01-25,44.3,TR0043,,2025-01-25,True,"Simental ırkı, erkek hayvan"
TR0240,Sim240,Dana,Simental,Erkek,2022-12-18,41.4,TR0022,TR0044,2022-12-18,True,"Simental ırkı, erkek hayvan"
TR0241,Yer241,Tosun,Yerli Kara,Dişi,2024-04-20,36.8,,,2024-04-20,True,"Yerli Kara ırkı, dişi hayvan"
TR0242,Şar242,Tosun,Şarole,Dişi,2024-11-07,49.5,,,2024-11-07,True,"Şarole ırkı, dişi hayvan"
TR0243,Sim243,Dana,Simental,Dişi,2023-06-25,43.9,TR0017,TR0032,2023-06-25,True,"Simental ırkı, dişi hayvan"
TR0244,Sim244,Dana,Simental,Dişi,2024-10-16,48.1,TR0050,,2024-10-16,True,"Simental ırkı, dişi hayvan"
TR0245,Sim245,Boğa,Simental,Erkek,2023-12-30,45.3,TR0019,TR0017,2023-12-30,True,"Simental ırkı, erkek hayvan"
TR0246,Esm246,Tosun,Esmer,Dişi,2024-12-10,41.9,TR0019,,2024-12-10,True,"Esmer ırkı, dişi hayvan"
TR0247,Esm247,Tosun,Esmer,Erkek,2022-10-09,40.4,TR0037,,2022-10-09,True,"Esmer ırkı, erkek hayvan"
TR0248,Yer248,Boğa,Yerli Kara,Dişi,2023-04-16,33.0,TR0037,,2023-04-16,True,"Yerli Kara ırkı, dişi hayvan"
TR0249,Siy249,Boğa,Siyah Alaca,Dişi,2023-10-01,39.5,TR0089,TR0021,2023-10-01,True,"Siyah Alaca ırkı, dişi hayvan"
TR0250,Yer250,Tosun,Yerli Kara,Dişi,2023-05-26,31.8,,TR0025,2023-05-26,True,"Yerli Kara ırkı, dişi hayvan"
TR0251,Esm251,İnek,Esmer,Erkek,2022-08-31,33.5,,,2022-08-31,True,"Esmer ırkı, erkek hayvan"
TR0252,Siy252,Boğa,Siyah Alaca,Erkek,2023-08-10,46.4,,TR0022,2023-08-10,True,"Siyah Alaca ırkı, erkek hayvan"
TR0253,Esm253,İnek,Esmer,Dişi,2024-05-06,41.8,,,2024-05-06,True,"Esmer ırkı, dişi hayvan"
TR0254,Esm254,Tosun,Esmer,Dişi,2023-11-26,38.0,,TR0048,2023-11-26,True,"Esmer ırkı, dişi hayvan"
TR0255,Siy255,Dana,Siyah Alaca,Erkek,2022-06-25,40.2,TR0047,TR0005,2022-06-25,True,"Siyah Alaca ırkı, erkek hayvan"
TR0256,Esm256,Dana,Esmer,Dişi,2025-03-29,41.2,TR0040,,2025-03-29,True,"Esmer ırkı, dişi hayvan"
TR0257,Sim257,İnek,Simental,Dişi,2024-08-23,49.0,,,2024-08-23,True,"Simental ırkı, dişi hayvan"
TR0258,Yer258,Boğa,Yerli Kara,Dişi,2024-06-27,36.5,TR0072,,2024-06-27,True,"Yerli Kara ırkı, dişi hayvan"
TR0259,Esm259,Dana,Esmer,Dişi,2023-06-27,39.2,TR0054,,2023-06-27,True,"Esmer ırkı, dişi hayvan"
TR0260,Sim260,Tosun,Simental,Erkek,2023-12-27,48.5,TR0072,TR0028,2023-12-27,True,"Simental ırkı, erkek hayvan"
TR0261,Esm261,İnek,Esmer,Dişi,2024-02-15,31.7,TR0090,TR0047,2024-02-15,True,"Esmer ırkı, dişi hayvan"
TR0262,Siy262,Tosun,Siyah Alaca,Erkek,2024-04-15,46.4,TR0055,TR0024,2024-04-15,True,"Siyah Alaca ırkı, erkek hayvan"
TR0263,Şar263,Dana,Şarole,Erkek,2024-05-11,46.0,TR0033,TR0025,2024-05-11,True,"Şarole ırkı, erkek hayvan"
TR0264,Yer264,İnek,Yerli Kara,Dişi,2024-05-18,32.3,TR0032,,2024-05-18,True,"Yerli Kara ırkı, dişi hayvan"
TR0265,Yer265,Dana,Yerli Kara,Dişi,2024-01-05,39.8,TR0064,,2024-01-05,True,"Yerli Kara ırkı, dişi hayvan"
TR0266,Şar266,Tosun,Şarole,Dişi,2022-11-21,46.5,TR0070,,2022-11-21,True,"Şarole ırkı, dişi hayvan"
TR0267,Sim267,Tosun,Simental,Dişi,2023-02-28,46.8,TR0068,TR0036,2023-02-28,True,"Simental ırkı, dişi hayvan"
TR0268,Sim268,Tosun,Simental,Dişi,2025-01-04,46.3,,TR0036,2025-01-04,True,"Simental ırkı, dişi hayvan"
TR0269,Siy269,İnek,Siyah Alaca,Erkek,2022-09-02,41.0,,TR0017,2022-09-02,True,"Siyah Alaca ırkı, erkek hayvan"
TR0270,Esm270,Boğa,Esmer,Dişi,2024-10-19,40.3,,,2024-10-19,True,"Esmer ırkı, dişi hayvan"
TR0271,Esm271,Boğa,Esmer,Dişi,2023-11-18,38.2,TR0088,TR0037,2023-11-18,True,"Esmer ırkı, dişi hayvan"
TR0272,Esm272,İnek,Esmer,Dişi,2023-10-04,35.8,,TR0001,2023-10-04,True,"Esmer ırkı, dişi hayvan"
TR0273,Siy273,İnek,Siyah Alaca,Dişi,2025-04-21,44.8,,,2025-04-21,True,"Siyah Alaca ırkı, dişi hayvan"
TR0274,Sim274,Tosun,Simental,Dişi,2024-07-07,42.2,TR0067,TR0034,2024-07-07,True,"Simental ırkı, dişi hayvan"
TR0275,Siy275,Dana,Siyah Alaca,Dişi,2022-08-07,46.2,TR0055,TR0047,2022-08-07,True,"Siyah Alaca ırkı, dişi hayvan"
TR0276,Yer276,Boğa,Yerli Kara,Dişi,2023-01-14,34.8,TR0035,,2023-01-14,True,"Yerli Kara ırkı, dişi hayvan"
TR0277,Yer277,Tosun,Yerli Kara,Erkek,2024-11-17,32.2,TR0070,TR0042,2024-11-17,True,"Yerli Kara ırkı, erkek hayvan"
TR0278,Esm278,İnek,Esmer,Erkek,2024-02-27,35.9,TR0050,,2024-02-27,True,"Esmer ırkı, erkek hayvan"
TR0279,Yer279,Boğa,Yerli Kara,Dişi,2024-06-17,38.6,TR0046,,2024-06-17,True,"Yerli Kara ırkı, dişi hayvan"
TR0280,Siy280,Dana,Siyah Alaca,Erkek,2022-07-02,43.9,TR0030,TR0019,2022-07-02,True,"Siyah Alaca ırkı, erkek hayvan"
TR0281,Siy281,Tosun,Siyah Alaca,Dişi,2023-07-06,42.3,TR0056,TR0025,2023-07-06,True,"Siyah Alaca ırkı, dişi hayvan"
TR0282,Şar282,Boğa,Şarole,Erkek,2023-06-10,50.5,,TR0040,2023-06-10,True,"Şarole ırkı, erkek hayvan"
TR0283,Esm283,Dana,Esmer,Dişi,2025-01-08,40.3,TR0090,TR0041,2025-01-08,True,"Esmer ırkı, dişi hayvan"
TR0284,Siy284,Tosun,Siyah Alaca,Erkek,2024-10-08,44.4,,TR0018,2024-10-08,True,"Siyah Alaca ırkı, erkek hayvan"
TR0285,Siy285,Tosun,Siyah Alaca,Erkek,2023-10-30,40.6,TR0068,TR0042,2023-10-30,True,"Siyah Alaca ırkı, erkek hayvan"
TR0286,Yer286,İnek,Yerli Kara,Erkek,2025-01-04,36.0,TR0032,,2025-01-04,True,"Yerli Kara ırkı, erkek hayvan"
TR0287,Esm287,Boğa,Esmer,Dişi,2023-08-01,39.7,TR0025,TR0012,2023-08-01,True,"Esmer ırkı, dişi hayvan"
TR0288,Yer288,Dana,Yerli Kara,Erkek,2023-05-06,34.9,TR0074,TR0004,2023-05-06,True,"Yerli Kara ırkı, erkek hayvan"
TR0289,Yer289,Tosun,Yerli Kara,Dişi,2023-10-08,36.2,,,2023-10-08,True,"Yerli Kara ırkı, dişi hayvan"
TR0290,Şar290,Dana,Şarole,Erkek,2023-10-31,46.9,TR0058,TR0012,2023-10-31,True,"Şarole ırkı, erkek hayvan"
TR0291,Sim291,İnek,Simental,Erkek,2024-01-01,46.9,,,2024-01-01,True,"Simental ırkı, erkek hayvan"
TR0292,Sim292,Dana,Simental,Erkek,2022-12-08,43.8,,,2022-12-08,True,"Simental ırkı, erkek hayvan"
TR0293,Şar293,Tosun,Şarole,Dişi,2024-01-04,48.7,TR0017,TR0038,2024-01-04,True,"Şarole ırkı, dişi hayvan"
TR0294,Yer294,Dana,Yerli Kara,Erkek,2023-07-22,36.3,TR0012,,2023-07-22,True,"Yerli Kara ırkı, erkek hayvan"
TR0295,Şar295,İnek,Şarole,Dişi,2022-08-17,45.6,TR0023,TR0027,2022-08-17,True,"Şarole ırkı, dişi hayvan"
TR0296,Siy296,İnek,Siyah Alaca,Erkek,2024-04-05,42.4,TR0031,TR0003,2024-04-05,True,"Siyah Alaca ırkı, erkek hayvan"
TR0297,Sim297,İnek,Simental,Dişi,2024-06-15,48.8,TR0089,TR0030,2024-06-15,True,"Simental ırkı, dişi hayvan"
TR0298,Yer298,İnek,Yerli Kara,Erkek,2022-11-09,36.9,TR0061,,2022-11-09,True,"Yerli Kara ırkı, erkek hayvan"
TR0299,Yer299,Dana,Yerli Kara,Erkek,2024-03-27,30.3,,,2024-03-27,True,"Yerli Kara ırkı, erkek hayvan"
TR0300,Sim300,İnek,Simental,Erkek,2024-02-13,42.6,TR0053,,2024-02-13,True,"Simental ırkı, erkek hayvan"
TR0301,Siy301,Tosun,Siyah Alaca,Dişi,2023-04-25,46.5,TR0031,,2023-04-25,True,"Siyah Alaca ırkı, dişi hayvan"
TR0302,Şar302,İnek,Şarole,Dişi,2022-06-26,47.3,TR0082,TR0044,2022-06-26,True,"Şarole ırkı, dişi hayvan"
TR0303,Esm303,İnek,Esmer,Erkek,2022-10-02,38.8,TR0027,TR0009,2022-10-02,True,"Esmer ırkı, erkek hayvan"
TR0304,Esm304,Dana,Esmer,Erkek,2022-07-07,40.6,TR0028,TR0006,2022-07-07,True,"Esmer ırkı, erkek hayvan"
TR0305,Yer305,Dana,Yerli Kara,Erkek,2025-05-07,34.1,,TR0042,2025-05-07,True,"Yerli Kara ırkı, erkek hayvan"
TR0306,Esm306,Tosun,Esmer,Erkek,2022-11-26,33.2,TR0055,,2022-11-26,True,"Esmer ırkı, erkek hayvan"
TR0307,Şar307,Dana,Şarole,Dişi,2024-02-17,48.1,TR0048,,2024-02-17,True,"Şarole ırkı, dişi hayvan"
TR0308,Esm308,Boğa,Esmer,Erkek,2022-12-05,37.5,,TR0034,2022-12-05,True,"Esmer ırkı, erkek hayvan"
TR0309,Şar309,Tosun,Şarole,Erkek,2023-08-02,43.3,TR0026,TR0015,2023-08-02,True,"Şarole ırkı, erkek hayvan"
TR0310,Şar310,İnek,Şarole,Dişi,2023-05-02,49.0,TR0067,TR0048,2023-05-02,True,"Şarole ırkı, dişi hayvan"
TR0311,Siy311,Boğa,Siyah Alaca,Dişi,2024-02-05,37.5,TR0022,TR0033,2024-02-05,True,"Siyah Alaca ırkı, dişi hayvan"
TR0312,Esm312,İnek,Esmer,Erkek,2023-03-10,31.5,TR0085,TR0016,2023-03-10,True,"Esmer ırkı, erkek hayvan"
TR0313,Sim313,Dana,Simental,Erkek,2022-07-24,47.9,,,2022-07-24,True,"Simental ırkı, erkek hayvan"
TR0314,Esm314,İnek,Esmer,Dişi,2023-04-03,34.7,TR0031,TR0003,2023-04-03,True,"Esmer ırkı, dişi hayvan"
TR0315,Sim315,Dana,Simental,Erkek,2023-07-06,42.9,TR0083,,2023-07-06,True,"Simental ırkı, erkek hayvan"
TR0316,Esm316,Tosun,Esmer,Dişi,2022-12-15,35.1,TR0002,TR0011,2022-12-15,True,"Esmer ırkı, dişi hayvan"
TR0317,Şar317,Boğa,Şarole,Erkek,2022-09-09,47.7,,TR0020,2022-09-09,True,"Şarole ırkı, erkek hayvan"
TR0318,Yer318,Dana,Yerli Kara,Erkek,2024-10-08,35.8,TR0082,TR0029,2024-10-08,True,"Yerli Kara ırkı, erkek hayvan"
TR0319,Esm319,Boğa,Esmer,Erkek,2025-02-12,38.0,TR0065,TR0043,2025-02-12,True,"Esmer ırkı, erkek hayvan"
TR0320,Sim320,İnek,Simental,Erkek,2022-10-15,49.9,,TR0025,2022-10-15,True,"Simental ırkı, erkek hayvan"
TR0321,Şar321,Dana,Şarole,Erkek,2022-07-04,47.0,,,2022-07-04,True,"Şarole ırkı, erkek hayvan"
TR0322,Siy322,Dana,Siyah Alaca,Dişi,2023-02-19,40.0,TR0099,TR0040,2023-02-19,True,"Siyah Alaca ırkı, dişi hayvan"
TR0323,Sim323,Boğa,Simental,Dişi,2023-02-03,48.8,TR0048,TR0049,2023-02-03,True,"Simental ırkı, dişi hayvan"
TR0324,Siy324,İnek,Siyah Alaca,Erkek,2023-04-18,38.0,TR0057,,2023-04-18,True,"Siyah Alaca ırkı, erkek hayvan"
TR0325,Yer325,Tosun,Yerli Kara,Dişi,2024-11-22,36.4,TR0068,TR0044,2024-11-22,True,"Yerli Kara ırkı, dişi hayvan"
TR0326,Sim326,Dana,Simental,Erkek,2023-09-26,41.0,TR0060,TR0012,2023-09-26,True,"Simental ırkı, erkek hayvan"
TR0327,Şar327,Dana,Şarole,Erkek,2023-01-06,50.6,TR0063,,2023-01-06,True,"Şarole ırkı, erkek hayvan"
TR0328,Sim328,Boğa,Simental,Erkek,2023-11-14,40.4,TR0010,TR0025,2023-11-14,True,"Simental ırkı, erkek hayvan"
TR0329,Şar329,Boğa,Şarole,Dişi,2025-05-01,47.5,TR0024,,2025-05-01,True,"Şarole ırkı, dişi hayvan"
TR0330,Esm330,Tosun,Esmer,Dişi,2025-02-10,37.3,TR0087,,2025-02-10,True,"Esmer ırkı, dişi hayvan"
TR0331,Sim331,İnek,Simental,Dişi,2025-04-15,39.8,TR0068,TR0010,2025-04-15,True,"Simental ırkı, dişi hayvan"
TR0332,Yer332,Tosun,Yerli Kara,Erkek,2023-09-28,32.0,TR0069,,2023-09-28,True,"Yerli Kara ırkı, erkek hayvan"
TR0333,Esm333,İnek,Esmer,Erkek,2022-10-14,37.8,,TR0033,2022-10-14,True,"Esmer ırkı, erkek hayvan"
TR0334,Yer334,Dana,Yerli Kara,Erkek,2023-10-06,36.2,TR0023,TR0023,2023-10-06,True,"Yerli Kara ırkı, erkek hayvan"
TR0335,Sim335,Dana,Simental,Dişi,2025-03-29,44.7,TR0071,,2025-03-29,True,"Simental ırkı, dişi hayvan"
TR0336,Şar336,Dana,Şarole,Erkek,2025-01-31,44.2,TR0079,,2025-01-31,True,"Şarole ırkı, erkek hayvan"
TR0337,Sim337,Dana,Simental,Dişi,2024-03-04,41.5,,,2024-03-04,True,"Simental ırkı, dişi hayvan"
TR0338,Yer338,Boğa,Yerli Kara,Dişi,2022-11-15,32.7,TR0094,TR0027,2022-11-15,True,"Yerli Kara ırkı, dişi hayvan"
TR0339,Sim339,Boğa,Simental,Erkek,2022-10-23,41.8,TR0056,,2022-10-23,True,"Simental ırkı, erkek hayvan"
TR0340,Yer340,Dana,Yerli Kara,Erkek,2023-06-27,36.3,,TR0050,2023-06-27,True,"Yerli Kara ırkı, erkek hayvan"
TR0341,Şar341,Dana,Şarole,Dişi,2025-03-28,46.2,,,2025-03-28,True,"Şarole ırkı, dişi hayvan"
TR0342,Yer342,İnek,Yerli Kara,Dişi,2024-09-26,34.4,TR0046,,2024-09-26,True,"Yerli Kara ırkı, dişi hayvan"
TR0343,Esm343,İnek,Esmer,Erkek,2024-12-19,38.7,TR0018,TR0042,2024-12-19,True,"Esmer ırkı, erkek hayvan"
TR0344,Yer344,Tosun,Yerli Kara,Erkek,2024-06-13,35.3,,TR0031,2024-06-13,True,"Yerli Kara ırkı, erkek hayvan"
TR0345,Şar345,Dana,Şarole,Erkek,2025-02-24,47.1,TR0045,,2025-02-24,True,"Şarole ırkı, erkek hayvan"
TR0346,Siy346,Boğa,Siyah Alaca,Dişi,2023-03-04,41.6,TR0082,TR0038,2023-03-04,True,"Siyah Alaca ırkı, dişi hayvan"
TR0347,Yer347,Dana,Yerli Kara,Dişi,2022-10-09,32.6,TR0057,,2022-10-09,True,"Yerli Kara ırkı, dişi hayvan"
TR0348,Esm348,Tosun,Esmer,Dişi,2024-03-26,40.5,TR0058,TR0043,2024-03-26,True,"Esmer ırkı, dişi hayvan"
TR0349,Esm349,Boğa,Esmer,Erkek,2022-10-27,33.4,TR0074,TR0017,2022-10-27,True,"Esmer ırkı, erkek hayvan"
TR0350,Sim350,Dana,Simental,Dişi,2022-06-17,46.4,TR0036,,2022-06-17,True,"Simental ırkı, dişi hayvan"
TR0351,Yer351,İnek,Yerli Kara,Dişi,2025-01-01,32.5,,,2025-01-01,True,"Yerli Kara ırkı, dişi hayvan"
TR0352,Şar352,Boğa,Şarole,Dişi,2024-04-23,52.3,TR0087,,2024-04-23,True,"Şarole ırkı, dişi hayvan"
TR0353,Sim353,Dana,Simental,Erkek,2022-07-30,49.7,,,2022-07-30,True,"Simental ırkı, erkek hayvan"
TR0354,Sim354,İnek,Simental,Erkek,2024-10-17,39.7,TR0085,TR0016,2024-10-17,True,"Simental ırkı, erkek hayvan"
TR0355,Sim355,Dana,Simental,Erkek,2023-08-05,44.3,TR0035,,2023-08-05,True,"Simental ırkı, erkek hayvan"
TR0356,Sim356,Dana,Simental,Erkek,2024-03-09,42.4,TR0025,,2024-03-09,True,"Simental ırkı, erkek hayvan"
TR0357,Yer357,Tosun,Yerli Kara,Dişi,2023-03-12,26.7,TR0039,TR0042,2023-03-12,True,"Yerli Kara ırkı, dişi hayvan"
TR0358,Siy358,Dana,Siyah Alaca,Erkek,2024-11-21,42.4,TR0086,TR0021,2024-11-21,True,"Siyah Alaca ırkı, erkek hayvan"
TR0359,Sim359,Boğa,Simental,Erkek,2025-01-17,43.1,TR0017,TR0004,2025-01-17,True,"Simental ırkı, erkek hayvan"
TR0360,Esm360,Boğa,Esmer,Erkek,2024-05-07,36.0,TR0043,TR0006,2024-05-07,True,"Esmer ırkı, erkek hayvan"
TR0361,Şar361,İnek,Şarole,Dişi,2025-03-31,47.3,TR0100,TR0043,2025-03-31,True,"Şarole ırkı, dişi hayvan"
TR0362,Esm362,İnek,Esmer,Erkek,2024-03-08,39.7,,TR0039,2024-03-08,True,"Esmer ırkı, erkek hayvan"
TR0363,Esm363,Tosun,Esmer,Dişi,2024-10-08,42.6,TR0080,TR0038,2024-10-08,True,"Esmer ırkı, dişi hayvan"
TR0364,Sim364,İnek,Simental,Erkek,2023-11-01,45.6,TR0056,TR0023,2023-11-01,True,"Simental ırkı, erkek hayvan"
TR0365,Siy365,Boğa,Siyah Alaca,Erkek,2024-10-20,43.9,TR0083,TR0014,2024-10-20,True,"Siyah Alaca ırkı, erkek hayvan"
TR0366,Esm366,Dana,Esmer,Dişi,2022-11-19,35.4,,TR0050,2022-11-19,True,"Esmer ırkı, dişi hayvan"
TR0367,Sim367,İnek,Simental,Erkek,2024-03-19,42.5,,TR0020,2024-03-19,True,"Simental ırkı, erkek hayvan"
TR0368,Sim368,Tosun,Simental,Erkek,2023-06-01,47.6,TR0008,TR0038,2023-06-01,True,"Simental ırkı, erkek hayvan"
TR0369,Siy369,Boğa,Siyah Alaca,Erkek,2024-02-19,41.6,TR0034,TR0022,2024-02-19,True,"Siyah Alaca ırkı, erkek hayvan"
TR0370,Esm370,Tosun,Esmer,Dişi,2022-10-28,41.0,TR0033,,2022-10-28,True,"Esmer ırkı, dişi hayvan"
TR0371,Siy371,Tosun,Siyah Alaca,Erkek,2023-02-04,43.9,,TR0012,2023-02-04,True,"Siyah Alaca ırkı, erkek hayvan"
TR0372,Esm372,Boğa,Esmer,Erkek,2023-09-25,36.8,TR0033,TR0039,2023-09-25,True,"Esmer ırkı, erkek hayvan"
TR0373,Yer373,İnek,Yerli Kara,Dişi,2023-06-08,32.7,TR0002,TR0033,2023-06-08,True,"Yerli Kara ırkı, dişi hayvan"
TR0374,Sim374,Dana,Simental,Dişi,2023-12-07,48.1,TR0016,,2023-12-07,True,"Simental ırkı, dişi hayvan"
TR0375,Sim375,İnek,Simental,Erkek,2022-11-12,42.6,TR0087,,2022-11-12,True,"Simental ırkı, erkek hayvan"
TR0376,Yer376,Dana,Yerli Kara,Erkek,2023-08-08,35.1,,,2023-08-08,True,"Yerli Kara ırkı, erkek hayvan"
TR0377,Sim377,İnek,Simental,Dişi,2025-03-27,45.5,TR0061,TR0020,2025-03-27,True,"Simental ırkı, dişi hayvan"
TR0378,Sim378,İnek,Simental,Dişi,2024-02-20,44.7,TR0080,,2024-02-20,True,"Simental ırkı, dişi hayvan"
TR0379,Şar379,Dana,Şarole,Dişi,2024-03-04,46.4,TR0041,,2024-03-04,True,"Şarole ırkı, dişi hayvan"
TR0380,Siy380,İnek,Siyah Alaca,Erkek,2023-11-03,40.5,TR0089,TR0003,2023-11-03,True,"Siyah Alaca ırkı, erkek hayvan"
TR0381,Sim381,Boğa,Simental,Erkek,2023-08-27,42.8,TR0068,,2023-08-27,True,"Simental ırkı, erkek hayvan"
TR0382,Siy382,Dana,Siyah Alaca,Dişi,2025-02-16,41.1,TR0007,TR0003,2025-02-16,True,"Siyah Alaca ırkı, dişi hayvan"
TR0383,Siy383,Boğa,Siyah Alaca,Erkek,2022-07-14,39.8,,TR0021,2022-07-14,True,"Siyah Alaca ırkı, erkek hayvan"
TR0384,Şar384,İnek,Şarole,Dişi,2023-04-12,50.0,TR0085,TR0035,2023-04-12,True,"Şarole ırkı, dişi hayvan"
TR0385,Yer385,Boğa,Yerli Kara,Erkek,2025-05-05,33.9,TR0014,,2025-05-05,True,"Yerli Kara ırkı, erkek hayvan"
TR0386,Sim386,İnek,Simental,Dişi,2022-07-29,48.6,TR0063,,2022-07-29,True,"Simental ırkı, dişi hayvan"
TR0387,Yer387,İnek,Yerli Kara,Dişi,2023-05-17,31.3,,,2023-05-17,True,"Yerli Kara ırkı, dişi hayvan"
TR0388,Siy388,Dana,Siyah Alaca,Dişi,2023-01-09,43.2,TR0051,,2023-01-09,True,"Siyah Alaca ırkı, dişi hayvan"
TR0389,Esm389,Tosun,Esmer,Erkek,2023-09-12,35.7,,,2023-09-12,True,"Esmer ırkı, erkek hayvan"
TR0390,Sim390,Boğa,Simental,Erkek,2022-10-09,46.4,,,2022-10-09,True,"Simental ırkı, erkek hayvan"
TR0391,Siy391,Boğa,Siyah Alaca,Erkek,2023-04-10,45.5,TR0075,,2023-04-10,True,"Siyah Alaca ırkı, erkek hayvan"
TR0392,Siy392,Boğa,Siyah Alaca,Dişi,2024-07-09,36.1,TR0092,TR0015,2024-07-09,True,"Siyah Alaca ırkı, dişi hayvan"
TR0393,Sim393,Dana,Simental,Erkek,2023-10-21,41.0,TR0071,,2023-10-21,True,"Simental ırkı, erkek hayvan"
TR0394,Sim394,İnek,Simental,Erkek,2025-03-18,47.8,TR0097,TR0014,2025-03-18,True,"Simental ırkı, erkek hayvan"
TR0395,Esm395,Tosun,Esmer,Erkek,2023-03-18,38.4,TR0036,TR0020,2023-03-18,True,"Esmer ırkı, erkek hayvan"
TR0396,Sim396,İnek,Simental,Dişi,2025-04-11,42.2,TR0058,TR0046,2025-04-11,True,"Simental ırkı, dişi hayvan"
TR0397,Yer397,Dana,Yerli Kara,Dişi,2022-07-09,38.3,TR0062,TR0019,2022-07-09,True,"Yerli Kara ırkı, dişi hayvan"
TR0398,Yer398,İnek,Yerli Kara,Erkek,2022-07-21,36.5,TR0098,,2022-07-21,True,"Yerli Kara ırkı, erkek hayvan"
TR0399,Esm399,Boğa,Esmer,Erkek,2022-06-23,38.3,,,2022-06-23,True,"Esmer ırkı, erkek hayvan"
TR0400,Esm400,Boğa,Esmer,Dişi,2024-04-21,34.6,TR0091,,2024-04-21,True,"Esmer ırkı, dişi hayvan"
TR0401,Esm401,Tosun,Esmer,Erkek,2023-01-20,44.7,,TR0032,2023-01-20,True,"Esmer ırkı, erkek hayvan"
TR0402,Şar402,Boğa,Şarole,Dişi,2023-12-21,47.8,TR0049,TR0042,2023-12-21,True,"Şarole ırkı, dişi hayvan"
TR0403,Sim403,İnek,Simental,Dişi,2023-01-14,47.9,TR0087,,2023-01-14,True,"Simental ırkı, dişi hayvan"
TR0404,Siy404,İnek,Siyah Alaca,Erkek,2023-10-07,38.7,TR0018,,2023-10-07,True,"Siyah Alaca ırkı, erkek hayvan"
TR0405,Yer405,Dana,Yerli Kara,Erkek,2024-04-07,34.2,,TR0005,2024-04-07,True,"Yerli Kara ırkı, erkek hayvan"
TR0406,Yer406,Dana,Yerli Kara,Dişi,2023-02-07,33.2,TR0094,TR0030,2023-02-07,True,"Yerli Kara ırkı, dişi hayvan"
TR0407,Esm407,İnek,Esmer,Dişi,2024-05-13,36.3,TR0021,,2024-05-13,True,"Esmer ırkı, dişi hayvan"
TR0408,Siy408,Boğa,Siyah Alaca,Dişi,2025-04-25,38.6,TR0026,TR0005,2025-04-25,True,"Siyah Alaca ırkı, dişi hayvan"
TR0409,Esm409,Tosun,Esmer,Erkek,2024-02-24,41.0,,TR0044,2024-02-24,True,"Esmer ırkı, erkek hayvan"
TR0410,Şar410,İnek,Şarole,Erkek,2023-02-20,46.1,,,2023-02-20,True,"Şarole ırkı, erkek hayvan"
TR0411,Yer411,İnek,Yerli Kara,Erkek,2022-09-07,32.1,TR0096,,2022-09-07,True,"Yerli Kara ırkı, erkek hayvan"
TR0412,Sim412,Boğa,Simental,Erkek,2023-11-11,47.0,TR0037,TR0032,2023-11-11,True,"Simental ırkı, erkek hayvan"
TR0413,Siy413,İnek,Siyah Alaca,Erkek,2022-12-09,45.3,TR0037,,2022-12-09,True,"Siyah Alaca ırkı, erkek hayvan"
TR0414,Esm414,Dana,Esmer,Dişi,2024-10-02,34.8,,,2024-10-02,True,"Esmer ırkı, dişi hayvan"
TR0415,Şar415,Dana,Şarole,Erkek,2023-02-07,38.5,,,2023-02-07,True,"Şarole ırkı, erkek hayvan"
TR0416,Siy416,Dana,Siyah Alaca,Dişi,2024-07-20,39.0,TR0053,TR0005,2024-07-20,True,"Siyah Alaca ırkı, dişi hayvan"
TR0417,Şar417,Dana,Şarole,Erkek,2024-04-10,52.6,TR0084,TR0025,2024-04-10,True,"Şarole ırkı, erkek hayvan"
TR0418,Şar418,Dana,Şarole,Erkek,2023-10-14,50.1,TR0044,,2023-10-14,True,"Şarole ırkı, erkek hayvan"
TR0419,Esm419,Dana,Esmer,Dişi,2024-02-11,36.7,TR0086,,2024-02-11,True,"Esmer ırkı, dişi hayvan"
TR0420,Siy420,İnek,Siyah Alaca,Erkek,2022-12-31,41.6,TR0086,TR0024,2022-12-31,True,"Siyah Alaca ırkı, erkek hayvan"
TR0421,Yer421,Boğa,Yerli Kara,Dişi,2023-08-01,31.5,TR0060,,2023-08-01,True,"Yerli Kara ırkı, dişi hayvan"
TR0422,Siy422,Boğa,Siyah Alaca,Erkek,2024-08-21,36.7,,TR0034,2024-08-21,True,"Siyah Alaca ırkı, erkek hayvan"
TR0423,Şar423,Tosun,Şarole,Erkek,2025-02-14,44.6,TR0043,TR0040,2025-02-14,True,"Şarole ırkı, erkek hayvan"
TR0424,Sim424,İnek,Simental,Erkek,2024-04-02,45.6,,TR0040,2024-04-02,True,"Simental ırkı, erkek hayvan"
TR0425,Yer425,Tosun,Yerli Kara,Erkek,2024-11-01,37.7,,,2024-11-01,True,"Yerli Kara ırkı, erkek hayvan"
TR0426,Yer426,Boğa,Yerli Kara,Erkek,2024-05-21,35.6,TR0018,,2024-05-21,True,"Yerli Kara ırkı, erkek hayvan"
TR0427,Yer427,Dana,Yerli Kara,Dişi,2024-07-18,42.3,,TR0012,2024-07-18,True,"Yerli Kara ırkı, dişi hayvan"
TR0428,Şar428,İnek,Şarole,Dişi,2023-10-22,44.4,TR0064,TR0037,2023-10-22,True,"Şarole ırkı, dişi hayvan"
TR0429,Sim429,Tosun,Simental,Erkek,2022-07-08,43.1,TR0075,TR0016,2022-07-08,True,"Simental ırkı, erkek hayvan"
TR0430,Şar430,Dana,Şarole,Erkek,2025-04-22,50.0,TR0066,TR0013,2025-04-22,True,"Şarole ırkı, erkek hayvan"
TR0431,Yer431,Dana,Yerli Kara,Dişi,2024-02-15,34.6,TR0035,,2024-02-15,True,"Yerli Kara ırkı, dişi hayvan"
TR0432,Esm432,İnek,Esmer,Dişi,2024-10-06,31.6,TR0034,TR0002,2024-10-06,True,"Esmer ırkı, dişi hayvan"
TR0433,Esm433,İnek,Esmer,Erkek,2022-11-02,30.6,TR0018,TR0045,2022-11-02,True,"Esmer ırkı, erkek hayvan"
TR0434,Siy434,Boğa,Siyah Alaca,Dişi,2022-12-24,45.1,TR0091,TR0047,2022-12-24,True,"Siyah Alaca ırkı, dişi hayvan"
TR0435,Esm435,İnek,Esmer,Erkek,2022-08-28,42.8,TR0069,TR0049,2022-08-28,True,"Esmer ırkı, erkek hayvan"
TR0436,Şar436,Boğa,Şarole,Erkek,2023-03-03,48.3,TR0086,TR0039,2023-03-03,True,"Şarole ırkı, erkek hayvan"
TR0437,Sim437,İnek,Simental,Dişi,2024-04-14,42.8,TR0009,,2024-04-14,True,"Simental ırkı, dişi hayvan"
TR0438,Sim438,Tosun,Simental,Dişi,2023-05-29,43.9,TR0087,TR0041,2023-05-29,True,"Simental ırkı, dişi hayvan"
TR0439,Yer439,Dana,Yerli Kara,Erkek,2022-11-14,31.4,TR0045,TR0030,2022-11-14,True,"Yerli Kara ırkı, erkek hayvan"
TR0440,Siy440,Tosun,Siyah Alaca,Dişi,2023-03-03,42.1,TR0032,TR0045,2023-03-03,True,"Siyah Alaca ırkı, dişi hayvan"
TR0441,Sim441,İnek,Simental,Erkek,2025-01-02,46.9,TR0096,TR0028,2025-01-02,True,"Simental ırkı, erkek hayvan"
TR0442,Sim442,Boğa,Simental,Erkek,2023-01-11,45.1,TR0030,TR0037,2023-01-11,True,"Simental ırkı, erkek hayvan"
TR0443,Esm443,İnek,Esmer,Erkek,2025-02-22,32.1,TR0100,TR0047,2025-02-22,True,"Esmer ırkı, erkek hayvan"
TR0444,Esm444,Boğa,Esmer,Erkek,2025-03-17,39.6,TR0048,TR0027,2025-03-17,True,"Esmer ırkı, erkek hayvan"
TR0445,Yer445,Tosun,Yerli Kara,Dişi,2024-01-13,38.3,TR0064,TR0012,2024-01-13,True,"Yerli Kara ırkı, dişi hayvan"
TR0446,Sim446,Tosun,Simental,Erkek,2023-06-12,42.8,TR0082,,2023-06-12,True,"Simental ırkı, erkek hayvan"
TR0447,Siy447,Tosun,Siyah Alaca,Dişi,2025-01-26,44.4,,,2025-01-26,True,"Siyah Alaca ırkı, dişi hayvan"
TR0448,Sim448,Tosun,Simental,Dişi,2024-08-21,47.3,TR0003,,2024-08-21,True,"Simental ırkı, dişi hayvan"
TR0449,Sim449,İnek,Simental,Erkek,2024-08-12,43.7,,,2024-08-12,True,"Simental ırkı, erkek hayvan"
TR0450,Şar450,Dana,Şarole,Erkek,2023-02-14,51.2,,,2023-02-14,True,"Şarole ırkı, erkek hayvan"
TR0451,Siy451,İnek,Siyah Alaca,Erkek,2024-08-07,33.6,,TR0040,2024-08-07,True,"Siyah Alaca ırkı, erkek hayvan"
TR0452,Sim452,Boğa,Simental,Erkek,2022-07-25,42.9,TR0098,TR0014,2022-07-25,True,"Simental ırkı, erkek hayvan"
TR0453,Esm453,Boğa,Esmer,Erkek,2024-09-10,37.9,TR0065,TR0008,2024-09-10,True,"Esmer ırkı, erkek hayvan"
TR0454,Esm454,Dana,Esmer,Erkek,2024-07-04,36.2,,TR0037,2024-07-04,True,"Esmer ırkı, erkek hayvan"
TR0455,Siy455,Tosun,Siyah Alaca,Dişi,2025-02-02,40.3,TR0074,TR0008,2025-02-02,True,"Siyah Alaca ırkı, dişi hayvan"
TR0456,Siy456,Tosun,Siyah Alaca,Dişi,2023-09-15,40.0,TR0036,,2023-09-15,True,"Siyah Alaca ırkı, dişi hayvan"
TR0457,Sim457,İnek,Simental,Dişi,2022-10-02,44.0,TR0073,TR0034,2022-10-02,True,"Simental ırkı, dişi hayvan"
TR0458,Esm458,Dana,Esmer,Erkek,2024-08-09,37.8,,,2024-08-09,True,"Esmer ırkı, erkek hayvan"
TR0459,Yer459,Dana,Yerli Kara,Erkek,2022-10-23,32.4,TR0014,TR0021,2022-10-23,True,"Yerli Kara ırkı, erkek hayvan"
TR0460,Esm460,Dana,Esmer,Dişi,2024-06-05,39.6,,TR0021,2024-06-05,True,"Esmer ırkı, dişi hayvan"
TR0461,Siy461,Dana,Siyah Alaca,Erkek,2022-06-10,45.2,TR0084,,2022-06-10,True,"Siyah Alaca ırkı, erkek hayvan"
TR0462,Sim462,İnek,Simental,Erkek,2025-01-28,45.2,,TR0019,2025-01-28,True,"Simental ırkı, erkek hayvan"
TR0463,Şar463,Dana,Şarole,Erkek,2022-09-16,43.1,TR0097,TR0006,2022-09-16,True,"Şarole ırkı, erkek hayvan"
TR0464,Siy464,Tosun,Siyah Alaca,Dişi,2024-10-14,40.3,TR0003,,2024-10-14,True,"Siyah Alaca ırkı, dişi hayvan"
TR0465,Siy465,Tosun,Siyah Alaca,Dişi,2023-10-08,37.5,,,2023-10-08,True,"Siyah Alaca ırkı, dişi hayvan"
TR0466,Yer466,İnek,Yerli Kara,Dişi,2024-10-28,36.5,TR0042,,2024-10-28,True,"Yerli Kara ırkı, dişi hayvan"
TR0467,Şar467,Tosun,Şarole,Dişi,2022-11-22,42.9,TR0004,,2022-11-22,True,"Şarole ırkı, dişi hayvan"
TR0468,Yer468,Boğa,Yerli Kara,Erkek,2024-07-29,37.8,TR0057,TR0023,2024-07-29,True,"Yerli Kara ırkı, erkek hayvan"
TR0469,Siy469,Boğa,Siyah Alaca,Erkek,2022-12-19,43.4,TR0052,TR0011,2022-12-19,True,"Siyah Alaca ırkı, erkek hayvan"
TR0470,Yer470,İnek,Yerli Kara,Dişi,2025-01-26,31.0,TR0063,,2025-01-26,True,"Yerli Kara ırkı, dişi hayvan"
TR0471,Yer471,Boğa,Yerli Kara,Dişi,2023-10-02,39.0,TR0057,,2023-10-02,True,"Yerli Kara ırkı, dişi hayvan"
TR0472,Esm472,Dana,Esmer,Dişi,2022-11-05,40.0,TR0056,TR0047,2022-11-05,True,"Esmer ırkı, dişi hayvan"
TR0473,Yer473,İnek,Yerli Kara,Erkek,2023-09-27,34.6,,,2023-09-27,True,"Yerli Kara ırkı, erkek hayvan"
TR0474,Siy474,Boğa,Siyah Alaca,Erkek,2022-12-23,33.8,TR0062,TR0043,2022-12-23,True,"Siyah Alaca ırkı, erkek hayvan"
TR0475,Yer475,Dana,Yerli Kara,Dişi,2024-07-06,29.5,TR0030,,2024-07-06,True,"Yerli Kara ırkı, dişi hayvan"
TR0476,Yer476,İnek,Yerli Kara,Dişi,2024-09-01,36.1,TR0020,TR0048,2024-09-01,True,"Yerli Kara ırkı, dişi hayvan"
TR0477,Siy477,Boğa,Siyah Alaca,Dişi,2023-01-12,36.7,TR0030,,2023-01-12,True,"Siyah Alaca ırkı, dişi hayvan"
TR0478,Siy478,İnek,Siyah Alaca,Erkek,2023-12-23,42.3,,,2023-12-23,True,"Siyah Alaca ırkı, erkek hayvan"
TR0479,Siy479,Boğa,Siyah Alaca,Dişi,2024-06-30,42.5,TR0015,TR0014,2024-06-30,True,"Siyah Alaca ırkı, dişi hayvan"
TR0480,Esm480,Tosun,Esmer,Dişi,2025-04-11,34.8,TR0003,TR0025,2025-04-11,True,"Esmer ırkı, dişi hayvan"
TR0481,Yer481,İnek,Yerli Kara,Erkek,2023-01-20,32.0,TR0001,TR0020,2023-01-20,True,"Yerli Kara ırkı, erkek hayvan"
TR0482,Siy482,Dana,Siyah Alaca,Dişi,2025-03-09,38.8,TR0032,,2025-03-09,True,"Siyah Alaca ırkı, dişi hayvan"
TR0483,Siy483,İnek,Siyah Alaca,Dişi,2023-07-21,42.0,,TR0033,2023-07-21,True,"Siyah Alaca ırkı, dişi hayvan"
TR0484,Yer484,Tosun,Yerli Kara,Erkek,2024-01-25,32.1,TR0013,TR0003,2024-01-25,True,"Yerli Kara ırkı, erkek hayvan"
TR0485,Şar485,İnek,Şarole,Erkek,2024-04-26,52.1,TR0036,,2024-04-26,True,"Şarole ırkı, erkek hayvan"
TR0486,Siy486,Tosun,Siyah Alaca,Erkek,2022-06-23,40.9,,,2022-06-23,True,"Siyah Alaca ırkı, erkek hayvan"
TR0487,Sim487,Tosun,Simental,Erkek,2024-07-23,45.6,TR0098,TR0018,2024-07-23,True,"Simental ırkı, erkek hayvan"
TR0488,Sim488,Dana,Simental,Erkek,2024-10-23,44.7,,TR0028,2024-10-23,True,"Simental ırkı, erkek hayvan"
TR0489,Şar489,Tosun,Şarole,Erkek,2023-05-26,50.0,TR0076,TR0004,2023-05-26,True,"Şarole ırkı, erkek hayvan"
TR0490,Sim490,Tosun,Simental,Erkek,2023-08-22,46.4,TR0045,,2023-08-22,True,"Simental ırkı, erkek hayvan"
TR0491,Siy491,Dana,Siyah Alaca,Erkek,2024-06-07,43.0,TR0016,,2024-06-07,True,"Siyah Alaca ırkı, erkek hayvan"
TR0492,Sim492,Dana,Simental,Erkek,2022-07-05,44.7,TR0065,,2022-07-05,True,"Simental ırkı, erkek hayvan"
TR0493,Siy493,Dana,Siyah Alaca,Dişi,2025-01-02,41.4,TR0037,TR0032,2025-01-02,True,"Siyah Alaca ırkı, dişi hayvan"
TR0494,Siy494,Boğa,Siyah Alaca,Erkek,2022-11-26,47.4,,TR0004,2022-11-26,True,"Siyah Alaca ırkı, erkek hayvan"
TR0495,Siy495,Boğa,Siyah Alaca,Erkek,2022-08-21,42.4,,TR0032,2022-08-21,True,"Siyah Alaca ırkı, erkek hayvan"
TR0496,Sim496,Dana,Simental,Dişi,2023-12-17,44.2,TR0088,TR0046,2023-12-17,True,"Simental ırkı, dişi hayvan"
TR0497,Sim497,Tosun,Simental,Dişi,2023-05-08,40.4,TR0033,TR0016,2023-05-08,True,"Simental ırkı, dişi hayvan"
TR0498,Sim498,Boğa,Simental,Erkek,2023-09-19,44.1,TR0065,TR0045,2023-09-19,True,"Simental ırkı, erkek hayvan"
TR0499,Sim499,Boğa,Simental,Erkek,2022-11-26,43.1,TR0057,TR0017,2022-11-26,True,"Simental ırkı, erkek hayvan"
TR0500,Siy500,Dana,Siyah Alaca,Erkek,2024-01-08,44.5,,,2024-01-08,True,"Siyah Alaca ırkı, erkek hayvan"
